round,target_max_hp,target_armor,target_magic_resistance,target_shield,path_count,state_count,dps_p50,dps_p70,dps_p90,dps_max,ttk_p50,ttk_p70,ttk_p90,ttk_min,top_30_ttk_p50,top_30_ttk_p70,top_30_ttk_min,top_30_ttk_max
0,100.0,50.0,50.0,0.0,1,1,66.66666666666666,66.66666666666666,66.66666666666666,66.66666666666666,2.0,2.0,2.0,2.0,2.0,2.0,2.0,2.0
1,100.0,50.0,50.0,0.0,7,7,73.33333333333334,73.33333333333334,80.0,80.0,2.0,2.0,2.0,1.8181818181818181,2.0,2.0,1.8181818181818181,2.0
2,100.0,50.0,50.0,0.0,50,29,80.66666666666669,84.61538461538463,88.0,93.33333333333333,2.0,2.0,2.0,1.6666666666666667,2.0,2.0,1.8181818181818181,2.0
3,100.0,50.0,50.0,0.0,364,92,88.73333333333336,93.07692307692311,101.53846153846155,109.0909090909091,2.0,2.0,2.0,1.0,1.8181818181818181,2.0,1.0,2.0
4,100.0,50.0,50.0,0.0,2695,245,98.15384615384619,105.6,111.69230769230771,127.27272727272727,1.8181818181818181,1.8181818181818181,2.0,0.9090909090909091,1.0,1.0,0.9090909090909091,1.8181818181818181
5,100.0,50.0,50.0,0.0,20241,575,110.9090909090909,116.16000000000001,123.20000000000002,145.45454545454544,1.0,1.6666666666666667,2.0,0.8333333333333334,1.0,1.0,0.8333333333333334,1.6666666666666667
6,100.0,50.0,50.0,0.0,153808,1225,121.84615384615385,127.77600000000002,137.41538461538468,163.63636363636363,1.0,1.0,1.8181818181818181,0.7692307692307692,0.9090909090909091,1.0,0.7692307692307692,1.4285714285714286
7,100.0,50.0,50.0,0.0,1179534,2416,133.32,142.51938461538467,155.07692307692307,181.8181818181818,0.9090909090909091,1.0,1.4285714285714286,0.7142857142857143,0.9090909090909091,1.0,0.7142857142857143,1.0
8,150.0,130.0,130.0,0.0,9108317,4473,91.06842105263159,96.80000000000001,104.0,127.27272727272727,2.0,2.0,2.5,1.4285714285714286,1.8181818181818181,2.0,1.4285714285714286,2.3076923076923075
9,150.0,130.0,130.0,0.0,70680315,7855,99.69823809523811,106.10647826086958,114.58173913043478,145.45454545454544,1.8181818181818181,2.0,2.3076923076923075,1.3333333333333333,1.8181818181818181,1.8181818181818181,1.3333333333333333,2.0
10,150.0,130.0,130.0,0.0,550251262,13189,109.21114285714286,116.21185714285717,125.84000000000002,163.63636363636363,1.8181818181818181,2.0,2.0,1.0,1.8181818181818181,1.8181818181818181,1.0,2.0
11,7250.0,165.0,165.0,0.0,4291660016,21308,166.23918367346943,202.31200000000007,237.01845283018878,343.5943396226416,44.0,46.15384615384615,64.54545454545455,21.666666666666668,33.07692307692307,35.38461538461539,21.666666666666668,36.66666666666667
12,7250.0,165.0,165.0,0.0,33497332483,33293,187.3244377358491,223.60800000000006,262.7870270270271,380.5471698113208,39.090909090909086,41.81818181818181,57.272727272727266,20.0,29.166666666666668,31.666666666666668,20.0,33.07692307692307
13,7250.0,165.0,165.0,0.0,261420622469,50519,220.24444444444447,247.96933333333342,291.36979591836734,440.4761904761904,33.333333333333336,37.69230769230769,50.90909090909091,17.0,26.36363636363636,27.69230769230769,17.0,30.0
14,24000.0,207.0,207.0,0.0,2038578441020,74705,452.4584269662922,535.6302921348317,696.9600000000004,1237.0032573289902,53.333333333333336,74.28571428571429,177.0,20.0,37.272727272727266,40.0,20.0,45.45454545454545
15,24000.0,207.0,207.0,0.0,15876683748434,107968,508.6167400881058,609.0786516853933,780.3389371980678,1394.9185667752445,47.5,66.66666666666667,156.66666666666669,18.0,33.333333333333336,35.833333333333336,18.0,40.0
