round,target_max_hp,target_armor,target_magic_resistance,target_shield,path_count,state_count,dps_p50,dps_p70,dps_p90,dps_max,ttk_p50,ttk_p70,ttk_p90,ttk_min
0,4000.0,1.0,1.0,100.0,1,1,99.00990099009901,99.00990099009901,99.00990099009901,99.00990099009901,42.0,42.0,42.0,42.0
1,4000.0,1.0,1.0,100.0,5,5,108.91089108910893,108.91089108910893,138.6138613861386,138.6138613861386,38.0,38.0,38.18181818181818,30.0
2,4000.0,1.0,1.0,100.0,26,16,119.80198019801983,148.5148514851485,152.4752475247525,178.21782178217822,34.54545454545454,35.0,35.0,24.0
3,4000.0,1.0,1.0,100.0,140,41,131.7821782178218,163.36633663366337,167.72277227722773,217.82178217821783,31.666666666666668,31.818181818181817,32.0,19.0
4,4000.0,1.0,1.0,100.0,776,91,174.25742574257424,180.1980198019802,206.93069306930695,257.4257425742574,24.0,29.09090909090909,29.23076923076923,16.0
5,4000.0,1.0,1.0,100.0,4400,182,191.6831683168317,199.6039603960396,235.24752475247524,297.029702970297,21.818181818181817,26.36363636363636,27.0,14.0
6,4000.0,1.0,1.0,100.0,25376,336,212.24554455445545,219.8019801980198,258.77227722772284,336.63366336633663,20.0,23.636363636363633,25.0,12.727272727272727
7,4000.0,1.0,1.0,100.0,148160,582,232.87128712871285,261.38613861386136,285.1485148514852,376.23762376237624,18.18181818181818,19.166666666666668,22.727272727272727,11.0
8,5000.0,15.0,15.0,200.0,872576,957,241.04347826086956,277.77391304347833,317.5652173913044,434.7826086956522,21.818181818181817,23.636363636363633,29.999999999999996,12.0
9,5000.0,15.0,15.0,200.0,5169920,1507,271.8052173913043,310.6782608695653,358.1217391304347,478.26086956521743,20.0,21.538461538461537,27.0,10.909090909090908
10,5000.0,15.0,15.0,200.0,30757376,2288,308.07652173913044,344.69217391304346,393.9339130434783,526.0869565217391,17.27272727272727,19.166666666666668,24.545454545454543,10.0
11,7000.0,19.0,19.0,300.0,183495680,3367,390.30588235294124,447.2470588235294,528.7394957983194,742.2689075630253,19.166666666666668,22.5,31.0,10.0
12,7000.0,19.0,19.0,300.0,1096779776,4823,437.4117647058824,498.69747899159665,585.6806722689076,823.0252100840337,17.142857142857142,20.0,27.5,9.0
13,7000.0,19.0,19.0,300.0,6563901440,6748,489.63025210084044,559.0588235294116,656.6722689075631,932.1008403361345,15.384615384615383,18.0,22.727272727272727,8.0
14,9000.0,25.0,25.0,400.0,39316299776,9248,602.3424,696.6960000000001,833.8176000000001,1238.0800000000004,16.0,19.166666666666668,24.615384615384613,8.0
15,9000.0,25.0,25.0,400.0,235629363200,12444,673.2960000000002,777.2160000000001,924.768,1401.6000000000004,14.375,17.0,22.0,7.0
