round,attribute,label,mean_ttk_gain_percent,best_choice_share_percent,available_path_weight
1,flat,Flat attack,10.526315789473696,0.0,1.0
1,percent,Max-HP damage,39.99999999999999,100.0,1.0
1,skill,Skill multiplier,10.526315789473696,0.0,1.0
1,speed,Attack frequency,10.000000000000009,0.0,1.0
1,crit_chance,Crit chance,10.526315789473696,0.0,1.0
2,flat,Flat attack,8.676691729323306,0.0,5.0
2,percent,Max-HP damage,36.43915343915344,100.0,5.0
2,skill,Skill multiplier,9.4703425229741,0.0,5.0
2,speed,Attack frequency,9.818181818181824,0.0,5.0
2,crit_chance,Crit chance,9.4703425229741,0.0,5.0
2,crit_damage,Crit multiplier,5.555555555555558,0.0,1.0
3,flat,Flat attack,8.060255786723395,0.0,26.0
3,percent,Max-HP damage,34.27219054749419,100.0,26.0
3,skill,Skill multiplier,9.204359546211771,0.0,26.0
3,speed,Attack frequency,9.656177156177154,0.0,26.0
3,crit_chance,Crit chance,9.335478427330653,0.0,26.0
3,crit_damage,Crit multiplier,5.830319598701948,0.0,10.0
4,flat,Flat attack,8.096676978418145,0.0,140.0
4,percent,Max-HP damage,31.923410786572763,100.0,140.0
4,skill,Skill multiplier,9.289819515660056,0.0,140.0
4,speed,Attack frequency,9.509490509490515,0.0,140.0
4,crit_chance,Crit chance,9.73669138390332,0.0,140.0
4,crit_damage,Crit multiplier,6.646239384752087,0.0,76.0
5,flat,Flat attack,7.537768591832849,0.0,776.0
5,percent,Max-HP damage,29.902711466115377,100.0,776.0
5,skill,Skill multiplier,9.02501652807699,0.0,776.0
5,speed,Attack frequency,9.373525958577499,0.0,776.0
5,crit_chance,Crit chance,9.998842327475952,0.0,776.0
5,crit_damage,Crit multiplier,6.61851203116381,0.0,520.0
6,flat,Flat attack,7.190016811036676,0.0,4400.0
6,percent,Max-HP damage,28.440799185886867,99.97727272727272,4400.0
6,skill,Skill multiplier,8.963867119727793,0.11363636363636363,4400.0
6,speed,Attack frequency,9.24454636272817,0.022727272727272728,4400.0
6,crit_chance,Crit chance,10.332797830337384,0.3409090909090909,4400.0
6,crit_damage,Crit multiplier,7.134140897445692,0.0,3376.0
7,flat,Flat attack,6.872128842109909,0.0,25376.0
7,percent,Max-HP damage,27.022190640113692,99.69262295081968,25376.0
7,skill,Skill multiplier,8.887991954885887,0.27585119798234553,25376.0
7,speed,Attack frequency,9.120016224711595,0.3073770491803279,25376.0
7,crit_chance,Crit chance,10.703079291127544,1.67875157629256,25376.0
7,crit_damage,Crit multiplier,7.625007861825874,0.37593984962406013,21280.0
8,flat,Flat attack,-21.181825678340676,0.0,148160.0
8,percent,Max-HP damage,-3.0691461132511577,99.96220302375811,148160.0
8,skill,Skill multiplier,-19.1255777139588,0.34962203023758104,148160.0
8,speed,Attack frequency,-18.993346675635824,0.014173866090712743,148160.0
8,crit_chance,Crit chance,-17.445583548691417,1.6063714902807775,148160.0
8,crit_damage,Crit multiplier,-20.043081168089305,0.06905658086449733,131776.0
9,flat,Flat attack,5.868083765816991,0.0,872576.0
9,percent,Max-HP damage,29.24601102628489,99.7117729573126,872576.0
9,skill,Skill multiplier,8.722468412470146,0.48545914625201697,872576.0
9,speed,Attack frequency,8.879215723445782,0.15505812674196862,872576.0
9,crit_chance,Crit chance,11.411052798071111,3.315012102097697,872576.0
9,crit_damage,Crit multiplier,8.311005872154812,0.3764373513084853,807040.0
10,flat,Flat attack,5.616241639006318,0.0,5169920.0
10,percent,Max-HP damage,27.79411748265907,99.22666114756127,5169920.0
10,skill,Skill multiplier,8.605528855632802,0.703840678385739,5169920.0
10,speed,Attack frequency,8.76198924644405,0.5194857947511761,5169920.0
10,crit_chance,Crit chance,11.64380686022562,5.752332724684328,5169920.0
10,crit_damage,Crit multiplier,8.740561458478487,1.268273042616452,4907776.0
11,flat,Flat attack,-17.050676715387493,0.0,30757376.0
11,percent,Max-HP damage,4.855904033934146,99.65822507095534,30757376.0
11,skill,Skill multiplier,-14.014063610844495,0.3605411592978543,30757376.0
11,speed,Attack frequency,-13.866836934958396,0.20826874178083332,30757376.0
11,crit_chance,Crit chance,-11.35094079497268,4.092231404915686,30757376.0
11,crit_damage,Crit multiplier,-13.6444863819152,0.9374899019819043,29708800.0
12,flat,Flat attack,4.538067790372209,0.0015286463419738276,183495680.0
12,percent,Max-HP damage,31.319826013375753,99.13636222934514,183495680.0
12,skill,Skill multiplier,8.36847732082573,0.6842760548913195,183495680.0
12,speed,Attack frequency,8.533625564557845,0.6843125680125004,183495680.0
12,crit_chance,Crit chance,11.990728063229165,6.285919646718659,183495680.0
12,crit_damage,Crit multiplier,9.422129563800869,2.0219231334844863,179301376.0
13,flat,Flat attack,4.314502352552927,0.011331354089446667,1096779776.0
13,percent,Max-HP damage,29.65494045006094,98.50898089499418,1096779776.0
13,skill,Skill multiplier,8.241908005064003,1.2494531080777334,1096779776.0
13,speed,Attack frequency,8.422642183520702,1.3350474106480972,1096779776.0
13,crit_chance,Crit chance,12.032458462632095,9.411158398310949,1096779776.0
13,crit_damage,Crit multiplier,9.688454377973073,3.672103055014981,1080002560.0
14,flat,Flat attack,-12.219396315581434,0.002107085264217496,6563901440.0
14,percent,Max-HP damage,11.687979184454505,99.01640471615613,6563901440.0
14,skill,Skill multiplier,-8.329995030969965,1.0410581820070717,6563901440.0
14,speed,Attack frequency,-8.165744066173678,0.8915343341901246,6563901440.0
14,crit_chance,Crit chance,-5.025894037699905,9.56307669665436,6563901440.0
14,crit_damage,Crit multiplier,-6.8651359025462115,3.4550154768555137,6496792576.0
15,flat,Flat attack,3.46464739078739,0.006368516402269483,39316299776.0
15,percent,Max-HP damage,30.723510683531334,98.54437266665326,39316299776.0
15,skill,Skill multiplier,8.025480304810076,1.7160072307003869,39316299776.0
15,speed,Attack frequency,8.207421290693981,0.9181601576360918,39316299776.0
15,crit_chance,Crit chance,11.940187779084503,13.025492043190997,39316299776.0
15,crit_damage,Crit multiplier,10.114345730131017,5.507098993628136,39047864320.0
