hp_band,target_max_hp,shield_band,shield_amount,shield_coeff,burst_ttk_seconds,sustainable_ttk_seconds
Low HP,500.0,Low shield,250.0,0.0,24.0,34.0
Low HP,500.0,Low shield,250.0,0.25,16.0,26.0
Low HP,500.0,Low shield,250.0,0.5,10.0,20.0
Low HP,500.0,Low shield,250.0,0.75,9.0,18.0
Low HP,500.0,Low shield,250.0,1.0,8.0,16.0
Low HP,500.0,Low shield,250.0,1.25,7.0,14.0
Low HP,500.0,Low shield,250.0,1.5,7.0,14.0
Low HP,500.0,Low shield,250.0,1.75,7.0,14.0
Low HP,500.0,Low shield,250.0,2.0,7.0,14.0
Low HP,500.0,Medium shield,500.0,0.0,24.0,34.0
Low HP,500.0,Medium shield,500.0,0.25,32.0,42.0
Low HP,500.0,Medium shield,500.0,0.5,18.0,28.0
Low HP,500.0,Medium shield,500.0,0.75,14.0,24.0
Low HP,500.0,Medium shield,500.0,1.0,10.0,20.0
Low HP,500.0,Medium shield,500.0,1.25,9.0,18.0
Low HP,500.0,Medium shield,500.0,1.5,9.0,18.0
Low HP,500.0,Medium shield,500.0,1.75,8.0,16.0
Low HP,500.0,Medium shield,500.0,2.0,8.0,16.0
Low HP,500.0,High shield,1000.0,0.0,24.0,34.0
Low HP,500.0,High shield,1000.0,0.25,36.0,46.0
Low HP,500.0,High shield,1000.0,0.5,34.0,44.0
Low HP,500.0,High shield,1000.0,0.75,26.0,36.0
Low HP,500.0,High shield,1000.0,1.0,20.0,30.0
Low HP,500.0,High shield,1000.0,1.25,16.0,26.0
Low HP,500.0,High shield,1000.0,1.5,14.0,24.0
Low HP,500.0,High shield,1000.0,1.75,12.0,22.0
Low HP,500.0,High shield,1000.0,2.0,10.0,20.0
Medium HP,1000.0,Low shield,250.0,0.0,58.0,68.0
Medium HP,1000.0,Low shield,250.0,0.25,26.0,36.0
Medium HP,1000.0,Low shield,250.0,0.5,20.0,30.0
Medium HP,1000.0,Low shield,250.0,0.75,18.0,28.0
Medium HP,1000.0,Low shield,250.0,1.0,16.0,26.0
Medium HP,1000.0,Low shield,250.0,1.25,14.0,24.0
Medium HP,1000.0,Low shield,250.0,1.5,14.0,24.0
Medium HP,1000.0,Low shield,250.0,1.75,14.0,24.0
Medium HP,1000.0,Low shield,250.0,2.0,14.0,24.0
Medium HP,1000.0,Medium shield,500.0,0.0,58.0,68.0
Medium HP,1000.0,Medium shield,500.0,0.25,42.0,52.0
Medium HP,1000.0,Medium shield,500.0,0.5,28.0,38.0
Medium HP,1000.0,Medium shield,500.0,0.75,24.0,34.0
Medium HP,1000.0,Medium shield,500.0,1.0,20.0,30.0
Medium HP,1000.0,Medium shield,500.0,1.25,18.0,28.0
Medium HP,1000.0,Medium shield,500.0,1.5,18.0,28.0
Medium HP,1000.0,Medium shield,500.0,1.75,16.0,26.0
Medium HP,1000.0,Medium shield,500.0,2.0,16.0,26.0
Medium HP,1000.0,High shield,1000.0,0.0,58.0,68.0
Medium HP,1000.0,High shield,1000.0,0.25,72.0,82.0
Medium HP,1000.0,High shield,1000.0,0.5,44.0,54.0
Medium HP,1000.0,High shield,1000.0,0.75,36.0,46.0
Medium HP,1000.0,High shield,1000.0,1.0,30.0,40.0
Medium HP,1000.0,High shield,1000.0,1.25,26.0,36.0
Medium HP,1000.0,High shield,1000.0,1.5,24.0,34.0
Medium HP,1000.0,High shield,1000.0,1.75,22.0,32.0
Medium HP,1000.0,High shield,1000.0,2.0,20.0,30.0
High HP,2000.0,Low shield,250.0,0.0,124.0,134.0
High HP,2000.0,Low shield,250.0,0.25,46.0,56.0
High HP,2000.0,Low shield,250.0,0.5,40.0,50.0
High HP,2000.0,Low shield,250.0,0.75,38.0,48.0
High HP,2000.0,Low shield,250.0,1.0,36.0,46.0
High HP,2000.0,Low shield,250.0,1.25,34.0,44.0
High HP,2000.0,Low shield,250.0,1.5,34.0,44.0
High HP,2000.0,Low shield,250.0,1.75,34.0,44.0
High HP,2000.0,Low shield,250.0,2.0,34.0,44.0
High HP,2000.0,Medium shield,500.0,0.0,124.0,134.0
High HP,2000.0,Medium shield,500.0,0.25,62.0,72.0
High HP,2000.0,Medium shield,500.0,0.5,48.0,58.0
High HP,2000.0,Medium shield,500.0,0.75,44.0,54.0
High HP,2000.0,Medium shield,500.0,1.0,40.0,50.0
High HP,2000.0,Medium shield,500.0,1.25,38.0,48.0
High HP,2000.0,Medium shield,500.0,1.5,38.0,48.0
High HP,2000.0,Medium shield,500.0,1.75,36.0,46.0
High HP,2000.0,Medium shield,500.0,2.0,36.0,46.0
High HP,2000.0,High shield,1000.0,0.0,124.0,134.0
High HP,2000.0,High shield,1000.0,0.25,92.0,102.0
High HP,2000.0,High shield,1000.0,0.5,64.0,74.0
High HP,2000.0,High shield,1000.0,0.75,56.0,66.0
High HP,2000.0,High shield,1000.0,1.0,50.0,60.0
High HP,2000.0,High shield,1000.0,1.25,46.0,56.0
High HP,2000.0,High shield,1000.0,1.5,44.0,54.0
High HP,2000.0,High shield,1000.0,1.75,42.0,52.0
High HP,2000.0,High shield,1000.0,2.0,40.0,50.0
