variable,label,value,baseline_value,raw_damage,hp_damage_per_hit,sustainable_dps,burst_ttk_seconds,sustainable_target_ttk_seconds,sustainable_attack_rate,kills_per_minute,earnings_per_minute,earnings_delta_percent
flat_damage,Flat damage,0,100.0,0.0,0.0,5e-05,inf,20000000.0,0.5,3e-06,3e-06,-99.9999
flat_damage,Flat damage,10,100.0,10.0,10.0,5.0,190.0,200.0,0.5,0.3,0.3,-90.0
flat_damage,Flat damage,20,100.0,20.0,20.0,10.0,90.0,100.0,0.5,0.6,0.6,-80.0
flat_damage,Flat damage,30,100.0,30.0,30.0,14.705882352941176,58.0,68.0,0.5,0.8823529411764706,0.8823529411764706,-70.58823529411764
flat_damage,Flat damage,40,100.0,40.0,40.0,20.0,40.0,50.0,0.5,1.2,1.2,-60.00000000000001
flat_damage,Flat damage,50,100.0,50.0,50.0,25.0,30.0,40.0,0.5,1.5,1.5,-50.0
flat_damage,Flat damage,60,100.0,60.0,60.0,29.41176470588235,24.0,34.0,0.5,1.7647058823529411,1.7647058823529411,-41.17647058823529
flat_damage,Flat damage,70,100.0,70.0,70.0,33.333333333333336,20.0,30.0,0.5,2.0,2.0,-33.333333333333336
flat_damage,Flat damage,80,100.0,80.0,80.0,38.46153846153846,16.0,26.0,0.5,2.3076923076923075,2.3076923076923075,-23.076923076923084
flat_damage,Flat damage,90,100.0,90.0,90.0,41.666666666666664,14.0,24.0,0.5,2.5,2.5,-16.666666666666664
flat_damage,Flat damage,100,100.0,100.0,100.0,50.0,10.0,20.0,0.5,3.0,3.0,0.0
flat_damage,Flat damage,110,100.0,110.0,110.0,50.0,10.0,20.0,0.5,3.0,3.0,0.0
flat_damage,Flat damage,120,100.0,120.0,120.0,55.55555555555556,9.0,18.0,0.5,3.3333333333333335,3.3333333333333335,11.111111111111116
flat_damage,Flat damage,130,100.0,130.0,130.0,62.5,8.0,16.0,0.5,3.75,3.75,25.0
flat_damage,Flat damage,140,100.0,140.0,140.0,62.5,8.0,16.0,0.5,3.75,3.75,25.0
flat_damage,Flat damage,150,100.0,150.0,150.0,71.42857142857143,7.0,14.0,0.5,4.285714285714286,4.285714285714286,42.85714285714286
flat_damage,Flat damage,160,100.0,160.0,160.0,71.42857142857143,7.0,14.0,0.5,4.285714285714286,4.285714285714286,42.85714285714286
flat_damage,Flat damage,170,100.0,170.0,170.0,83.33333333333333,6.0,12.0,0.5,5.0,5.0,66.66666666666667
flat_damage,Flat damage,180,100.0,180.0,180.0,83.33333333333333,6.0,12.0,0.5,5.0,5.0,66.66666666666667
flat_damage,Flat damage,190,100.0,190.0,190.0,83.33333333333333,6.0,12.0,0.5,5.0,5.0,66.66666666666667
flat_damage,Flat damage,200,100.0,200.0,200.0,100.0,5.0,10.0,0.5,6.0,6.0,100.0
percent_damage,Max-HP damage,0,0.0,100.0,100.0,50.0,10.0,20.0,0.5,3.0,3.0,0.0
percent_damage,Max-HP damage,0.005,0.0,105.0,105.0,50.0,10.0,20.0,0.5,3.0,3.0,0.0
percent_damage,Max-HP damage,0.01,0.0,110.0,110.0,50.0,10.0,20.0,0.5,3.0,3.0,0.0
percent_damage,Max-HP damage,0.015,0.0,115.0,115.0,55.55555555555556,9.0,18.0,0.5,3.3333333333333335,3.3333333333333335,11.111111111111116
percent_damage,Max-HP damage,0.02,0.0,120.0,120.0,55.55555555555556,9.0,18.0,0.5,3.3333333333333335,3.3333333333333335,11.111111111111116
percent_damage,Max-HP damage,0.025,0.0,125.0,125.0,62.5,8.0,16.0,0.5,3.75,3.75,25.0
percent_damage,Max-HP damage,0.03,0.0,130.0,130.0,62.5,8.0,16.0,0.5,3.75,3.75,25.0
percent_damage,Max-HP damage,0.035,0.0,135.0,135.0,62.5,8.0,16.0,0.5,3.75,3.75,25.0
percent_damage,Max-HP damage,0.04,0.0,140.0,140.0,62.5,8.0,16.0,0.5,3.75,3.75,25.0
percent_damage,Max-HP damage,0.045,0.0,145.0,145.0,71.42857142857143,7.0,14.0,0.5,4.285714285714286,4.285714285714286,42.85714285714286
percent_damage,Max-HP damage,0.05,0.0,150.0,150.0,71.42857142857143,7.0,14.0,0.5,4.285714285714286,4.285714285714286,42.85714285714286
percent_damage,Max-HP damage,0.055,0.0,155.0,155.0,71.42857142857143,7.0,14.0,0.5,4.285714285714286,4.285714285714286,42.85714285714286
percent_damage,Max-HP damage,0.06,0.0,160.0,160.0,71.42857142857143,7.0,14.0,0.5,4.285714285714286,4.285714285714286,42.85714285714286
percent_damage,Max-HP damage,0.065,0.0,165.0,165.0,71.42857142857143,7.0,14.0,0.5,4.285714285714286,4.285714285714286,42.85714285714286
percent_damage,Max-HP damage,0.07,0.0,170.0,170.0,83.33333333333333,6.0,12.0,0.5,5.0,5.0,66.66666666666667
percent_damage,Max-HP damage,0.075,0.0,175.0,175.0,83.33333333333333,6.0,12.0,0.5,5.0,5.0,66.66666666666667
percent_damage,Max-HP damage,0.08,0.0,180.0,180.0,83.33333333333333,6.0,12.0,0.5,5.0,5.0,66.66666666666667
percent_damage,Max-HP damage,0.085,0.0,185.0,185.0,83.33333333333333,6.0,12.0,0.5,5.0,5.0,66.66666666666667
percent_damage,Max-HP damage,0.09,0.0,190.0,190.0,83.33333333333333,6.0,12.0,0.5,5.0,5.0,66.66666666666667
percent_damage,Max-HP damage,0.095,0.0,195.0,195.0,83.33333333333333,6.0,12.0,0.5,5.0,5.0,66.66666666666667
percent_damage,Max-HP damage,0.1,0.0,200.0,200.0,100.0,5.0,10.0,0.5,6.0,6.0,100.0
skill_multiplier,Skill multiplier,0.5,1.0,50.0,50.0,25.0,30.0,40.0,0.5,1.5,1.5,-50.0
skill_multiplier,Skill multiplier,0.6,1.0,60.0,60.0,29.41176470588235,24.0,34.0,0.5,1.7647058823529411,1.7647058823529411,-41.17647058823529
skill_multiplier,Skill multiplier,0.7,1.0,70.0,70.0,33.333333333333336,20.0,30.0,0.5,2.0,2.0,-33.333333333333336
skill_multiplier,Skill multiplier,0.8,1.0,80.0,80.0,38.46153846153846,16.0,26.0,0.5,2.3076923076923075,2.3076923076923075,-23.076923076923084
skill_multiplier,Skill multiplier,0.9,1.0,90.0,90.0,41.666666666666664,14.0,24.0,0.5,2.5,2.5,-16.666666666666664
skill_multiplier,Skill multiplier,1.0,1.0,100.0,100.0,50.0,10.0,20.0,0.5,3.0,3.0,0.0
skill_multiplier,Skill multiplier,1.1,1.0,110.00000000000001,110.00000000000001,50.0,10.0,20.0,0.5,3.0,3.0,0.0
skill_multiplier,Skill multiplier,1.2,1.0,120.0,120.0,55.55555555555556,9.0,18.0,0.5,3.3333333333333335,3.3333333333333335,11.111111111111116
skill_multiplier,Skill multiplier,1.3,1.0,130.0,130.0,62.5,8.0,16.0,0.5,3.75,3.75,25.0
skill_multiplier,Skill multiplier,1.4,1.0,140.0,140.0,62.5,8.0,16.0,0.5,3.75,3.75,25.0
skill_multiplier,Skill multiplier,1.5,1.0,150.0,150.0,71.42857142857143,7.0,14.0,0.5,4.285714285714286,4.285714285714286,42.85714285714286
skill_multiplier,Skill multiplier,1.6,1.0,160.0,160.0,71.42857142857143,7.0,14.0,0.5,4.285714285714286,4.285714285714286,42.85714285714286
skill_multiplier,Skill multiplier,1.7,1.0,170.0,170.0,83.33333333333333,6.0,12.0,0.5,5.0,5.0,66.66666666666667
skill_multiplier,Skill multiplier,1.8,1.0,180.0,180.0,83.33333333333333,6.0,12.0,0.5,5.0,5.0,66.66666666666667
skill_multiplier,Skill multiplier,1.9,1.0,190.0,190.0,83.33333333333333,6.0,12.0,0.5,5.0,5.0,66.66666666666667
skill_multiplier,Skill multiplier,2.0,1.0,200.0,200.0,100.0,5.0,10.0,0.5,6.0,6.0,100.0
skill_multiplier,Skill multiplier,2.1,1.0,210.0,210.0,100.0,5.0,10.0,0.5,6.0,6.0,100.0
skill_multiplier,Skill multiplier,2.2,1.0,220.00000000000003,220.00000000000003,100.0,5.0,10.0,0.5,6.0,6.0,100.0
skill_multiplier,Skill multiplier,2.3,1.0,229.99999999999997,229.99999999999997,100.0,5.0,10.0,0.5,6.0,6.0,100.0
skill_multiplier,Skill multiplier,2.4,1.0,240.0,240.0,100.0,5.0,10.0,0.5,6.0,6.0,100.0
skill_multiplier,Skill multiplier,2.5,1.0,250.0,250.0,125.0,4.0,8.0,0.5,7.5,7.5,150.0
skill_multiplier,Skill multiplier,2.6,1.0,260.0,260.0,125.0,4.0,8.0,0.5,7.5,7.5,150.0
skill_multiplier,Skill multiplier,2.7,1.0,270.0,270.0,125.0,4.0,8.0,0.5,7.5,7.5,150.0
skill_multiplier,Skill multiplier,2.8,1.0,280.0,280.0,125.0,4.0,8.0,0.5,7.5,7.5,150.0
skill_multiplier,Skill multiplier,2.9,1.0,290.0,290.0,125.0,4.0,8.0,0.5,7.5,7.5,150.0
skill_multiplier,Skill multiplier,3.0,1.0,300.0,300.0,125.0,4.0,8.0,0.5,7.5,7.5,150.0
attacks_per_second,Attack frequency,0.25,1.0,100.0,100.0,25.0,40.0,40.0,0.25,1.5,1.5,-50.0
attacks_per_second,Attack frequency,0.375,1.0,100.0,100.0,37.5,26.666666666666668,26.666666666666668,0.375,2.25,2.25,-25.0
attacks_per_second,Attack frequency,0.5,1.0,100.0,100.0,50.0,20.0,20.0,0.5,3.0,3.0,0.0
attacks_per_second,Attack frequency,0.625,1.0,100.0,100.0,50.0,15.999999999999998,20.0,0.5,3.0,3.0,0.0
attacks_per_second,Attack frequency,0.75,1.0,100.0,100.0,50.0,13.333333333333334,20.0,0.5,3.0,3.0,0.0
attacks_per_second,Attack frequency,0.875,1.0,100.0,100.0,50.0,11.428571428571425,20.0,0.5,3.0,3.0,0.0
attacks_per_second,Attack frequency,1.0,1.0,100.0,100.0,50.0,10.0,20.0,0.5,3.0,3.0,0.0
attacks_per_second,Attack frequency,1.125,1.0,100.0,100.0,50.0,8.888888888888891,20.0,0.5,3.0,3.0,0.0
attacks_per_second,Attack frequency,1.25,1.0,100.0,100.0,50.0,7.999999999999999,20.0,0.5,3.0,3.0,0.0
attacks_per_second,Attack frequency,1.375,1.0,100.0,100.0,50.0,7.272727272727274,20.0,0.5,3.0,3.0,0.0
attacks_per_second,Attack frequency,1.5,1.0,100.0,100.0,50.0,6.666666666666667,20.0,0.5,3.0,3.0,0.0
attacks_per_second,Attack frequency,1.625,1.0,100.0,100.0,50.0,6.153846153846153,20.0,0.5,3.0,3.0,0.0
attacks_per_second,Attack frequency,1.75,1.0,100.0,100.0,50.0,5.714285714285713,20.0,0.5,3.0,3.0,0.0
attacks_per_second,Attack frequency,1.875,1.0,100.0,100.0,50.0,5.333333333333333,20.0,0.5,3.0,3.0,0.0
attacks_per_second,Attack frequency,2.0,1.0,100.0,100.0,50.0,5.0,20.0,0.5,3.0,3.0,0.0
attacks_per_second,Attack frequency,2.125,1.0,100.0,100.0,50.0,4.705882352941177,20.0,0.5,3.0,3.0,0.0
attacks_per_second,Attack frequency,2.25,1.0,100.0,100.0,50.0,4.4444444444444455,20.0,0.5,3.0,3.0,0.0
attacks_per_second,Attack frequency,2.375,1.0,100.0,100.0,50.0,4.2105263157894735,20.0,0.5,3.0,3.0,0.0
attacks_per_second,Attack frequency,2.5,1.0,100.0,100.0,50.0,3.9999999999999996,20.0,0.5,3.0,3.0,0.0
attacks_per_second,Attack frequency,2.625,1.0,100.0,100.0,50.0,3.8095238095238093,20.0,0.5,3.0,3.0,0.0
attacks_per_second,Attack frequency,2.75,1.0,100.0,100.0,50.0,3.636363636363637,20.0,0.5,3.0,3.0,0.0
attacks_per_second,Attack frequency,2.875,1.0,100.0,100.0,50.0,3.478260869565217,20.0,0.5,3.0,3.0,0.0
attacks_per_second,Attack frequency,3.0,1.0,100.0,100.0,50.0,3.3333333333333335,20.0,0.5,3.0,3.0,0.0
crit_chance,Crit chance,0,0.0,100.0,100.0,50.0,10.0,20.0,0.5,3.0,3.0,0.0
crit_chance,Crit chance,0.05,0.0,100.0,102.49999999999999,50.0,10.0,20.0,0.5,3.0,3.0,0.0
crit_chance,Crit chance,0.1,0.0,100.0,105.0,50.0,10.0,20.0,0.5,3.0,3.0,0.0
crit_chance,Crit chance,0.15,0.0,100.0,107.5,50.0,10.0,20.0,0.5,3.0,3.0,0.0
crit_chance,Crit chance,0.2,0.0,100.0,110.00000000000001,50.0,10.0,20.0,0.5,3.0,3.0,0.0
crit_chance,Crit chance,0.25,0.0,100.0,112.5,55.55555555555556,9.0,18.0,0.5,3.3333333333333335,3.3333333333333335,11.111111111111116
crit_chance,Crit chance,0.3,0.0,100.0,114.99999999999999,55.55555555555556,9.0,18.0,0.5,3.3333333333333335,3.3333333333333335,11.111111111111116
crit_chance,Crit chance,0.35,0.0,100.0,117.5,55.55555555555556,9.0,18.0,0.5,3.3333333333333335,3.3333333333333335,11.111111111111116
crit_chance,Crit chance,0.4,0.0,100.0,120.0,55.55555555555556,9.0,18.0,0.5,3.3333333333333335,3.3333333333333335,11.111111111111116
crit_chance,Crit chance,0.45,0.0,100.0,122.50000000000001,55.55555555555556,9.0,18.0,0.5,3.3333333333333335,3.3333333333333335,11.111111111111116
crit_chance,Crit chance,0.5,0.0,100.0,125.0,62.5,8.0,16.0,0.5,3.75,3.75,25.0
crit_chance,Crit chance,0.55,0.0,100.0,127.49999999999999,62.5,8.0,16.0,0.5,3.75,3.75,25.0
crit_chance,Crit chance,0.6,0.0,100.0,130.0,62.5,8.0,16.0,0.5,3.75,3.75,25.0
crit_chance,Crit chance,0.65,0.0,100.0,132.5,62.5,8.0,16.0,0.5,3.75,3.75,25.0
crit_chance,Crit chance,0.7,0.0,100.0,135.0,62.5,8.0,16.0,0.5,3.75,3.75,25.0
crit_chance,Crit chance,0.75,0.0,100.0,137.5,62.5,8.0,16.0,0.5,3.75,3.75,25.0
crit_chance,Crit chance,0.8,0.0,100.0,140.0,62.5,8.0,16.0,0.5,3.75,3.75,25.0
crit_chance,Crit chance,0.85,0.0,100.0,142.5,62.5,8.0,16.0,0.5,3.75,3.75,25.0
crit_chance,Crit chance,0.9,0.0,100.0,145.0,71.42857142857143,7.0,14.0,0.5,4.285714285714286,4.285714285714286,42.85714285714286
crit_chance,Crit chance,0.95,0.0,100.0,147.5,71.42857142857143,7.0,14.0,0.5,4.285714285714286,4.285714285714286,42.85714285714286
crit_chance,Crit chance,1.0,0.0,100.0,150.0,71.42857142857143,7.0,14.0,0.5,4.285714285714286,4.285714285714286,42.85714285714286
crit_multiplier,Crit multiplier,1,1.5,100.0,100.0,50.0,10.0,20.0,0.5,3.0,3.0,0.0
crit_multiplier,Crit multiplier,1.15,1.5,100.0,100.0,50.0,10.0,20.0,0.5,3.0,3.0,0.0
crit_multiplier,Crit multiplier,1.3,1.5,100.0,100.0,50.0,10.0,20.0,0.5,3.0,3.0,0.0
crit_multiplier,Crit multiplier,1.45,1.5,100.0,100.0,50.0,10.0,20.0,0.5,3.0,3.0,0.0
crit_multiplier,Crit multiplier,1.6,1.5,100.0,100.0,50.0,10.0,20.0,0.5,3.0,3.0,0.0
crit_multiplier,Crit multiplier,1.75,1.5,100.0,100.0,50.0,10.0,20.0,0.5,3.0,3.0,0.0
crit_multiplier,Crit multiplier,1.9,1.5,100.0,100.0,50.0,10.0,20.0,0.5,3.0,3.0,0.0
crit_multiplier,Crit multiplier,2.05,1.5,100.0,100.0,50.0,10.0,20.0,0.5,3.0,3.0,0.0
crit_multiplier,Crit multiplier,2.2,1.5,100.0,100.0,50.0,10.0,20.0,0.5,3.0,3.0,0.0
crit_multiplier,Crit multiplier,2.35,1.5,100.0,100.0,50.0,10.0,20.0,0.5,3.0,3.0,0.0
crit_multiplier,Crit multiplier,2.5,1.5,100.0,100.0,50.0,10.0,20.0,0.5,3.0,3.0,0.0
crit_multiplier,Crit multiplier,2.65,1.5,100.0,100.0,50.0,10.0,20.0,0.5,3.0,3.0,0.0
crit_multiplier,Crit multiplier,2.8,1.5,100.0,100.0,50.0,10.0,20.0,0.5,3.0,3.0,0.0
crit_multiplier,Crit multiplier,2.95,1.5,100.0,100.0,50.0,10.0,20.0,0.5,3.0,3.0,0.0
crit_multiplier,Crit multiplier,3.1,1.5,100.0,100.0,50.0,10.0,20.0,0.5,3.0,3.0,0.0
crit_multiplier,Crit multiplier,3.25,1.5,100.0,100.0,50.0,10.0,20.0,0.5,3.0,3.0,0.0
crit_multiplier,Crit multiplier,3.4,1.5,100.0,100.0,50.0,10.0,20.0,0.5,3.0,3.0,0.0
crit_multiplier,Crit multiplier,3.55,1.5,100.0,100.0,50.0,10.0,20.0,0.5,3.0,3.0,0.0
crit_multiplier,Crit multiplier,3.7,1.5,100.0,100.0,50.0,10.0,20.0,0.5,3.0,3.0,0.0
crit_multiplier,Crit multiplier,3.85,1.5,100.0,100.0,50.0,10.0,20.0,0.5,3.0,3.0,0.0
crit_multiplier,Crit multiplier,4.0,1.5,100.0,100.0,50.0,10.0,20.0,0.5,3.0,3.0,0.0
backstab_uptime,Backstab uptime,0,0.0,100.0,100.0,50.0,10.0,20.0,0.5,3.0,3.0,0.0
backstab_uptime,Backstab uptime,0.05,0.0,100.0,102.49999999999999,50.0,10.0,20.0,0.5,3.0,3.0,0.0
backstab_uptime,Backstab uptime,0.1,0.0,100.0,105.0,50.0,10.0,20.0,0.5,3.0,3.0,0.0
backstab_uptime,Backstab uptime,0.15,0.0,100.0,107.5,50.0,10.0,20.0,0.5,3.0,3.0,0.0
backstab_uptime,Backstab uptime,0.2,0.0,100.0,110.00000000000001,50.0,10.0,20.0,0.5,3.0,3.0,0.0
backstab_uptime,Backstab uptime,0.25,0.0,100.0,112.5,55.55555555555556,9.0,18.0,0.5,3.3333333333333335,3.3333333333333335,11.111111111111116
backstab_uptime,Backstab uptime,0.3,0.0,100.0,114.99999999999999,55.55555555555556,9.0,18.0,0.5,3.3333333333333335,3.3333333333333335,11.111111111111116
backstab_uptime,Backstab uptime,0.35,0.0,100.0,117.5,55.55555555555556,9.0,18.0,0.5,3.3333333333333335,3.3333333333333335,11.111111111111116
backstab_uptime,Backstab uptime,0.4,0.0,100.0,120.0,55.55555555555556,9.0,18.0,0.5,3.3333333333333335,3.3333333333333335,11.111111111111116
backstab_uptime,Backstab uptime,0.45,0.0,100.0,122.50000000000001,55.55555555555556,9.0,18.0,0.5,3.3333333333333335,3.3333333333333335,11.111111111111116
backstab_uptime,Backstab uptime,0.5,0.0,100.0,125.0,62.5,8.0,16.0,0.5,3.75,3.75,25.0
backstab_uptime,Backstab uptime,0.55,0.0,100.0,127.49999999999999,62.5,8.0,16.0,0.5,3.75,3.75,25.0
backstab_uptime,Backstab uptime,0.6,0.0,100.0,130.0,62.5,8.0,16.0,0.5,3.75,3.75,25.0
backstab_uptime,Backstab uptime,0.65,0.0,100.0,132.5,62.5,8.0,16.0,0.5,3.75,3.75,25.0
backstab_uptime,Backstab uptime,0.7,0.0,100.0,135.0,62.5,8.0,16.0,0.5,3.75,3.75,25.0
backstab_uptime,Backstab uptime,0.75,0.0,100.0,137.5,62.5,8.0,16.0,0.5,3.75,3.75,25.0
backstab_uptime,Backstab uptime,0.8,0.0,100.0,140.0,62.5,8.0,16.0,0.5,3.75,3.75,25.0
backstab_uptime,Backstab uptime,0.85,0.0,100.0,142.5,62.5,8.0,16.0,0.5,3.75,3.75,25.0
backstab_uptime,Backstab uptime,0.9,0.0,100.0,145.0,71.42857142857143,7.0,14.0,0.5,4.285714285714286,4.285714285714286,42.85714285714286
backstab_uptime,Backstab uptime,0.95,0.0,100.0,147.5,71.42857142857143,7.0,14.0,0.5,4.285714285714286,4.285714285714286,42.85714285714286
backstab_uptime,Backstab uptime,1.0,0.0,100.0,150.0,71.42857142857143,7.0,14.0,0.5,4.285714285714286,4.285714285714286,42.85714285714286
backstab_multiplier,Backstab multiplier,1,1.5,100.0,100.0,50.0,10.0,20.0,0.5,3.0,3.0,0.0
backstab_multiplier,Backstab multiplier,1.1,1.5,100.0,100.0,50.0,10.0,20.0,0.5,3.0,3.0,0.0
backstab_multiplier,Backstab multiplier,1.2,1.5,100.0,100.0,50.0,10.0,20.0,0.5,3.0,3.0,0.0
backstab_multiplier,Backstab multiplier,1.3,1.5,100.0,100.0,50.0,10.0,20.0,0.5,3.0,3.0,0.0
backstab_multiplier,Backstab multiplier,1.4,1.5,100.0,100.0,50.0,10.0,20.0,0.5,3.0,3.0,0.0
backstab_multiplier,Backstab multiplier,1.5,1.5,100.0,100.0,50.0,10.0,20.0,0.5,3.0,3.0,0.0
backstab_multiplier,Backstab multiplier,1.6,1.5,100.0,100.0,50.0,10.0,20.0,0.5,3.0,3.0,0.0
backstab_multiplier,Backstab multiplier,1.7,1.5,100.0,100.0,50.0,10.0,20.0,0.5,3.0,3.0,0.0
backstab_multiplier,Backstab multiplier,1.8,1.5,100.0,100.0,50.0,10.0,20.0,0.5,3.0,3.0,0.0
backstab_multiplier,Backstab multiplier,1.9,1.5,100.0,100.0,50.0,10.0,20.0,0.5,3.0,3.0,0.0
backstab_multiplier,Backstab multiplier,2.0,1.5,100.0,100.0,50.0,10.0,20.0,0.5,3.0,3.0,0.0
backstab_multiplier,Backstab multiplier,2.1,1.5,100.0,100.0,50.0,10.0,20.0,0.5,3.0,3.0,0.0
backstab_multiplier,Backstab multiplier,2.2,1.5,100.0,100.0,50.0,10.0,20.0,0.5,3.0,3.0,0.0
backstab_multiplier,Backstab multiplier,2.3,1.5,100.0,100.0,50.0,10.0,20.0,0.5,3.0,3.0,0.0
backstab_multiplier,Backstab multiplier,2.4,1.5,100.0,100.0,50.0,10.0,20.0,0.5,3.0,3.0,0.0
backstab_multiplier,Backstab multiplier,2.5,1.5,100.0,100.0,50.0,10.0,20.0,0.5,3.0,3.0,0.0
backstab_multiplier,Backstab multiplier,2.6,1.5,100.0,100.0,50.0,10.0,20.0,0.5,3.0,3.0,0.0
backstab_multiplier,Backstab multiplier,2.7,1.5,100.0,100.0,50.0,10.0,20.0,0.5,3.0,3.0,0.0
backstab_multiplier,Backstab multiplier,2.8,1.5,100.0,100.0,50.0,10.0,20.0,0.5,3.0,3.0,0.0
backstab_multiplier,Backstab multiplier,2.9,1.5,100.0,100.0,50.0,10.0,20.0,0.5,3.0,3.0,0.0
backstab_multiplier,Backstab multiplier,3.0,1.5,100.0,100.0,50.0,10.0,20.0,0.5,3.0,3.0,0.0
target_defense,Target defense,0,0.0,100.0,100.0,50.0,10.0,20.0,0.5,3.0,3.0,0.0
target_defense,Target defense,10,0.0,100.0,90.9090909090909,45.45454545454545,12.0,22.0,0.5,2.727272727272727,2.727272727272727,-9.090909090909093
target_defense,Target defense,20,0.0,100.0,83.33333333333334,41.666666666666664,14.0,24.0,0.5,2.5,2.5,-16.666666666666664
target_defense,Target defense,30,0.0,100.0,76.92307692307692,38.46153846153846,16.0,26.0,0.5,2.3076923076923075,2.3076923076923075,-23.076923076923084
target_defense,Target defense,40,0.0,100.0,71.42857142857143,35.714285714285715,18.0,28.0,0.5,2.142857142857143,2.142857142857143,-28.57142857142857
target_defense,Target defense,50,0.0,100.0,66.66666666666667,33.333333333333336,20.0,30.0,0.5,2.0,2.0,-33.333333333333336
target_defense,Target defense,60,0.0,100.0,62.5,31.25,22.0,32.0,0.5,1.875,1.875,-37.5
target_defense,Target defense,70,0.0,100.0,58.82352941176471,29.41176470588235,24.0,34.0,0.5,1.7647058823529411,1.7647058823529411,-41.17647058823529
target_defense,Target defense,80,0.0,100.0,55.55555555555556,27.77777777777778,26.0,36.0,0.5,1.6666666666666667,1.6666666666666667,-44.44444444444444
target_defense,Target defense,90,0.0,100.0,52.63157894736843,26.31578947368421,28.0,38.0,0.5,1.5789473684210527,1.5789473684210527,-47.36842105263158
target_defense,Target defense,100,0.0,100.0,50.0,25.0,30.0,40.0,0.5,1.5,1.5,-50.0
target_defense,Target defense,110,0.0,100.0,47.61904761904761,23.80952380952381,32.0,42.0,0.5,1.4285714285714286,1.4285714285714286,-52.38095238095237
target_defense,Target defense,120,0.0,100.0,45.45454545454546,22.727272727272727,34.0,44.0,0.5,1.3636363636363635,1.3636363636363635,-54.54545454545454
target_defense,Target defense,130,0.0,100.0,43.47826086956522,21.73913043478261,36.0,46.0,0.5,1.3043478260869565,1.3043478260869565,-56.52173913043479
target_defense,Target defense,140,0.0,100.0,41.666666666666664,20.833333333333332,38.0,48.0,0.5,1.25,1.25,-58.33333333333333
target_defense,Target defense,150,0.0,100.0,40.0,20.0,40.0,50.0,0.5,1.2,1.2,-60.00000000000001
target_defense,Target defense,160,0.0,100.0,38.46153846153846,19.23076923076923,42.0,52.0,0.5,1.1538461538461537,1.1538461538461537,-61.53846153846154
target_defense,Target defense,170,0.0,100.0,37.03703703703704,18.51851851851852,44.0,54.0,0.5,1.1111111111111112,1.1111111111111112,-62.962962962962955
target_defense,Target defense,180,0.0,100.0,35.71428571428571,17.857142857142858,46.0,56.0,0.5,1.0714285714285714,1.0714285714285714,-64.28571428571428
target_defense,Target defense,190,0.0,100.0,34.48275862068966,17.24137931034483,48.0,58.0,0.5,1.0344827586206897,1.0344827586206897,-65.51724137931035
target_defense,Target defense,200,0.0,100.0,33.333333333333336,16.666666666666668,50.0,60.0,0.5,1.0,1.0,-66.66666666666667
flat_penetration,Flat penetration,0,0.0,100.0,100.0,50.0,10.0,20.0,0.5,3.0,3.0,0.0
flat_penetration,Flat penetration,5,0.0,100.0,100.0,50.0,10.0,20.0,0.5,3.0,3.0,0.0
flat_penetration,Flat penetration,10,0.0,100.0,100.0,50.0,10.0,20.0,0.5,3.0,3.0,0.0
flat_penetration,Flat penetration,15,0.0,100.0,100.0,50.0,10.0,20.0,0.5,3.0,3.0,0.0
flat_penetration,Flat penetration,20,0.0,100.0,100.0,50.0,10.0,20.0,0.5,3.0,3.0,0.0
flat_penetration,Flat penetration,25,0.0,100.0,100.0,50.0,10.0,20.0,0.5,3.0,3.0,0.0
flat_penetration,Flat penetration,30,0.0,100.0,100.0,50.0,10.0,20.0,0.5,3.0,3.0,0.0
flat_penetration,Flat penetration,35,0.0,100.0,100.0,50.0,10.0,20.0,0.5,3.0,3.0,0.0
flat_penetration,Flat penetration,40,0.0,100.0,100.0,50.0,10.0,20.0,0.5,3.0,3.0,0.0
flat_penetration,Flat penetration,45,0.0,100.0,100.0,50.0,10.0,20.0,0.5,3.0,3.0,0.0
flat_penetration,Flat penetration,50,0.0,100.0,100.0,50.0,10.0,20.0,0.5,3.0,3.0,0.0
flat_penetration,Flat penetration,55,0.0,100.0,100.0,50.0,10.0,20.0,0.5,3.0,3.0,0.0
flat_penetration,Flat penetration,60,0.0,100.0,100.0,50.0,10.0,20.0,0.5,3.0,3.0,0.0
flat_penetration,Flat penetration,65,0.0,100.0,100.0,50.0,10.0,20.0,0.5,3.0,3.0,0.0
flat_penetration,Flat penetration,70,0.0,100.0,100.0,50.0,10.0,20.0,0.5,3.0,3.0,0.0
flat_penetration,Flat penetration,75,0.0,100.0,100.0,50.0,10.0,20.0,0.5,3.0,3.0,0.0
flat_penetration,Flat penetration,80,0.0,100.0,100.0,50.0,10.0,20.0,0.5,3.0,3.0,0.0
flat_penetration,Flat penetration,85,0.0,100.0,100.0,50.0,10.0,20.0,0.5,3.0,3.0,0.0
flat_penetration,Flat penetration,90,0.0,100.0,100.0,50.0,10.0,20.0,0.5,3.0,3.0,0.0
flat_penetration,Flat penetration,95,0.0,100.0,100.0,50.0,10.0,20.0,0.5,3.0,3.0,0.0
flat_penetration,Flat penetration,100,0.0,100.0,100.0,50.0,10.0,20.0,0.5,3.0,3.0,0.0
percent_penetration,Percent penetration,0,0.0,100.0,100.0,50.0,10.0,20.0,0.5,3.0,3.0,0.0
percent_penetration,Percent penetration,0.05,0.0,100.0,100.0,50.0,10.0,20.0,0.5,3.0,3.0,0.0
percent_penetration,Percent penetration,0.1,0.0,100.0,100.0,50.0,10.0,20.0,0.5,3.0,3.0,0.0
percent_penetration,Percent penetration,0.15,0.0,100.0,100.0,50.0,10.0,20.0,0.5,3.0,3.0,0.0
percent_penetration,Percent penetration,0.2,0.0,100.0,100.0,50.0,10.0,20.0,0.5,3.0,3.0,0.0
percent_penetration,Percent penetration,0.25,0.0,100.0,100.0,50.0,10.0,20.0,0.5,3.0,3.0,0.0
percent_penetration,Percent penetration,0.3,0.0,100.0,100.0,50.0,10.0,20.0,0.5,3.0,3.0,0.0
percent_penetration,Percent penetration,0.35,0.0,100.0,100.0,50.0,10.0,20.0,0.5,3.0,3.0,0.0
percent_penetration,Percent penetration,0.4,0.0,100.0,100.0,50.0,10.0,20.0,0.5,3.0,3.0,0.0
percent_penetration,Percent penetration,0.45,0.0,100.0,100.0,50.0,10.0,20.0,0.5,3.0,3.0,0.0
percent_penetration,Percent penetration,0.5,0.0,100.0,100.0,50.0,10.0,20.0,0.5,3.0,3.0,0.0
percent_penetration,Percent penetration,0.55,0.0,100.0,100.0,50.0,10.0,20.0,0.5,3.0,3.0,0.0
percent_penetration,Percent penetration,0.6,0.0,100.0,100.0,50.0,10.0,20.0,0.5,3.0,3.0,0.0
percent_penetration,Percent penetration,0.65,0.0,100.0,100.0,50.0,10.0,20.0,0.5,3.0,3.0,0.0
percent_penetration,Percent penetration,0.7,0.0,100.0,100.0,50.0,10.0,20.0,0.5,3.0,3.0,0.0
percent_penetration,Percent penetration,0.75,0.0,100.0,100.0,50.0,10.0,20.0,0.5,3.0,3.0,0.0
percent_penetration,Percent penetration,0.8,0.0,100.0,100.0,50.0,10.0,20.0,0.5,3.0,3.0,0.0
percent_penetration,Percent penetration,0.85,0.0,100.0,100.0,50.0,10.0,20.0,0.5,3.0,3.0,0.0
percent_penetration,Percent penetration,0.9,0.0,100.0,100.0,50.0,10.0,20.0,0.5,3.0,3.0,0.0
percent_penetration,Percent penetration,0.95,0.0,100.0,100.0,50.0,10.0,20.0,0.5,3.0,3.0,0.0
percent_penetration,Percent penetration,1.0,0.0,100.0,100.0,50.0,10.0,20.0,0.5,3.0,3.0,0.0
shield_amount,Shield amount,0,0.0,100.0,100.0,50.0,10.0,20.0,0.5,3.0,3.0,0.0
shield_amount,Shield amount,50,0.0,100.0,50.0,45.45454545454545,12.0,22.0,0.5,2.727272727272727,2.727272727272727,-9.090909090909093
shield_amount,Shield amount,100,0.0,100.0,0.0,45.45454545454545,12.0,22.0,0.5,2.727272727272727,2.727272727272727,-9.090909090909093
shield_amount,Shield amount,150,0.0,100.0,0.0,41.666666666666664,14.0,24.0,0.5,2.5,2.5,-16.666666666666664
shield_amount,Shield amount,200,0.0,100.0,0.0,41.666666666666664,14.0,24.0,0.5,2.5,2.5,-16.666666666666664
shield_amount,Shield amount,250,0.0,100.0,0.0,38.46153846153846,16.0,26.0,0.5,2.3076923076923075,2.3076923076923075,-23.076923076923084
shield_amount,Shield amount,300,0.0,100.0,0.0,38.46153846153846,16.0,26.0,0.5,2.3076923076923075,2.3076923076923075,-23.076923076923084
shield_amount,Shield amount,350,0.0,100.0,0.0,35.714285714285715,18.0,28.0,0.5,2.142857142857143,2.142857142857143,-28.57142857142857
shield_amount,Shield amount,400,0.0,100.0,0.0,35.714285714285715,18.0,28.0,0.5,2.142857142857143,2.142857142857143,-28.57142857142857
shield_amount,Shield amount,450,0.0,100.0,0.0,33.333333333333336,20.0,30.0,0.5,2.0,2.0,-33.333333333333336
shield_amount,Shield amount,500,0.0,100.0,0.0,33.333333333333336,20.0,30.0,0.5,2.0,2.0,-33.333333333333336
shield_amount,Shield amount,550,0.0,100.0,0.0,31.25,22.0,32.0,0.5,1.875,1.875,-37.5
shield_amount,Shield amount,600,0.0,100.0,0.0,31.25,22.0,32.0,0.5,1.875,1.875,-37.5
shield_amount,Shield amount,650,0.0,100.0,0.0,29.41176470588235,24.0,34.0,0.5,1.7647058823529411,1.7647058823529411,-41.17647058823529
shield_amount,Shield amount,700,0.0,100.0,0.0,29.41176470588235,24.0,34.0,0.5,1.7647058823529411,1.7647058823529411,-41.17647058823529
shield_amount,Shield amount,750,0.0,100.0,0.0,27.77777777777778,26.0,36.0,0.5,1.6666666666666667,1.6666666666666667,-44.44444444444444
shield_amount,Shield amount,800,0.0,100.0,0.0,27.77777777777778,26.0,36.0,0.5,1.6666666666666667,1.6666666666666667,-44.44444444444444
shield_amount,Shield amount,850,0.0,100.0,0.0,26.31578947368421,28.0,38.0,0.5,1.5789473684210527,1.5789473684210527,-47.36842105263158
shield_amount,Shield amount,900,0.0,100.0,0.0,26.31578947368421,28.0,38.0,0.5,1.5789473684210527,1.5789473684210527,-47.36842105263158
shield_amount,Shield amount,950,0.0,100.0,0.0,25.0,30.0,40.0,0.5,1.5,1.5,-50.0
shield_amount,Shield amount,1000,0.0,100.0,0.0,25.0,30.0,40.0,0.5,1.5,1.5,-50.0
shield_amount,Shield amount,1050,0.0,100.0,0.0,23.80952380952381,32.0,42.0,0.5,1.4285714285714286,1.4285714285714286,-52.38095238095237
shield_amount,Shield amount,1100,0.0,100.0,0.0,23.80952380952381,32.0,42.0,0.5,1.4285714285714286,1.4285714285714286,-52.38095238095237
shield_amount,Shield amount,1150,0.0,100.0,0.0,22.727272727272727,34.0,44.0,0.5,1.3636363636363635,1.3636363636363635,-54.54545454545454
shield_amount,Shield amount,1200,0.0,100.0,0.0,22.727272727272727,34.0,44.0,0.5,1.3636363636363635,1.3636363636363635,-54.54545454545454
shield_amount,Shield amount,1250,0.0,100.0,0.0,21.73913043478261,36.0,46.0,0.5,1.3043478260869565,1.3043478260869565,-56.52173913043479
shield_amount,Shield amount,1300,0.0,100.0,0.0,21.73913043478261,36.0,46.0,0.5,1.3043478260869565,1.3043478260869565,-56.52173913043479
shield_amount,Shield amount,1350,0.0,100.0,0.0,20.833333333333332,38.0,48.0,0.5,1.25,1.25,-58.33333333333333
shield_amount,Shield amount,1400,0.0,100.0,0.0,20.833333333333332,38.0,48.0,0.5,1.25,1.25,-58.33333333333333
shield_amount,Shield amount,1450,0.0,100.0,0.0,20.0,40.0,50.0,0.5,1.2,1.2,-60.00000000000001
shield_amount,Shield amount,1500,0.0,100.0,0.0,20.0,40.0,50.0,0.5,1.2,1.2,-60.00000000000001
shield_coeff,Shield coefficient,0,1.0,100.0,100.0,50.0,10.0,20.0,0.5,3.0,3.0,0.0
shield_coeff,Shield coefficient,0.1,1.0,100.0,100.0,50.0,10.0,20.0,0.5,3.0,3.0,0.0
shield_coeff,Shield coefficient,0.2,1.0,100.0,100.0,50.0,10.0,20.0,0.5,3.0,3.0,0.0
shield_coeff,Shield coefficient,0.3,1.0,100.0,100.0,50.0,10.0,20.0,0.5,3.0,3.0,0.0
shield_coeff,Shield coefficient,0.4,1.0,100.0,100.0,50.0,10.0,20.0,0.5,3.0,3.0,0.0
shield_coeff,Shield coefficient,0.5,1.0,100.0,100.0,50.0,10.0,20.0,0.5,3.0,3.0,0.0
shield_coeff,Shield coefficient,0.6,1.0,100.0,100.0,50.0,10.0,20.0,0.5,3.0,3.0,0.0
shield_coeff,Shield coefficient,0.7,1.0,100.0,100.0,50.0,10.0,20.0,0.5,3.0,3.0,0.0
shield_coeff,Shield coefficient,0.8,1.0,100.0,100.0,50.0,10.0,20.0,0.5,3.0,3.0,0.0
shield_coeff,Shield coefficient,0.9,1.0,100.0,100.0,50.0,10.0,20.0,0.5,3.0,3.0,0.0
shield_coeff,Shield coefficient,1.0,1.0,100.0,100.0,50.0,10.0,20.0,0.5,3.0,3.0,0.0
shield_coeff,Shield coefficient,1.1,1.0,100.0,100.0,50.0,10.0,20.0,0.5,3.0,3.0,0.0
shield_coeff,Shield coefficient,1.2,1.0,100.0,100.0,50.0,10.0,20.0,0.5,3.0,3.0,0.0
shield_coeff,Shield coefficient,1.3,1.0,100.0,100.0,50.0,10.0,20.0,0.5,3.0,3.0,0.0
shield_coeff,Shield coefficient,1.4,1.0,100.0,100.0,50.0,10.0,20.0,0.5,3.0,3.0,0.0
shield_coeff,Shield coefficient,1.5,1.0,100.0,100.0,50.0,10.0,20.0,0.5,3.0,3.0,0.0
shield_coeff,Shield coefficient,1.6,1.0,100.0,100.0,50.0,10.0,20.0,0.5,3.0,3.0,0.0
shield_coeff,Shield coefficient,1.7,1.0,100.0,100.0,50.0,10.0,20.0,0.5,3.0,3.0,0.0
shield_coeff,Shield coefficient,1.8,1.0,100.0,100.0,50.0,10.0,20.0,0.5,3.0,3.0,0.0
shield_coeff,Shield coefficient,1.9,1.0,100.0,100.0,50.0,10.0,20.0,0.5,3.0,3.0,0.0
shield_coeff,Shield coefficient,2.0,1.0,100.0,100.0,50.0,10.0,20.0,0.5,3.0,3.0,0.0
resource_cost,Resource cost,0,10.0,100.0,100.0,100.0,10.0,10.0,1.0,6.0,6.0,100.0
resource_cost,Resource cost,2,10.0,100.0,100.0,83.33333333333333,10.0,12.0,0.8333333333333334,5.0,5.0,66.66666666666667
resource_cost,Resource cost,4,10.0,100.0,100.0,71.42857142857143,10.0,14.0,0.7142857142857143,4.285714285714286,4.285714285714286,42.85714285714286
resource_cost,Resource cost,6,10.0,100.0,100.0,62.5,10.0,16.0,0.625,3.75,3.75,25.0
resource_cost,Resource cost,8,10.0,100.0,100.0,55.55555555555556,10.0,18.0,0.5555555555555556,3.3333333333333335,3.3333333333333335,11.111111111111116
resource_cost,Resource cost,10,10.0,100.0,100.0,50.0,10.0,20.0,0.5,3.0,3.0,0.0
resource_cost,Resource cost,12,10.0,100.0,100.0,45.45454545454545,12.0,22.0,0.45454545454545453,2.727272727272727,2.727272727272727,-9.090909090909093
resource_cost,Resource cost,14,10.0,100.0,100.0,41.666666666666664,14.0,24.0,0.4166666666666667,2.5,2.5,-16.666666666666664
resource_cost,Resource cost,16,10.0,100.0,100.0,38.46153846153845,16.0,26.000000000000004,0.3846153846153846,2.3076923076923075,2.3076923076923075,-23.076923076923084
resource_cost,Resource cost,18,10.0,100.0,100.0,35.714285714285715,18.0,28.0,0.35714285714285715,2.142857142857143,2.142857142857143,-28.57142857142857
resource_cost,Resource cost,20,10.0,100.0,100.0,33.333333333333336,20.0,30.0,0.3333333333333333,2.0,2.0,-33.333333333333336
resource_cost,Resource cost,22,10.0,100.0,100.0,31.25,22.0,32.0,0.3125,1.875,1.875,-37.5
resource_cost,Resource cost,24,10.0,100.0,100.0,29.41176470588235,24.0,34.0,0.29411764705882354,1.7647058823529411,1.7647058823529411,-41.17647058823529
resource_cost,Resource cost,26,10.0,100.0,100.0,27.77777777777778,26.0,36.0,0.2777777777777778,1.6666666666666667,1.6666666666666667,-44.44444444444444
resource_cost,Resource cost,28,10.0,100.0,100.0,26.31578947368421,28.0,38.0,0.2631578947368421,1.5789473684210527,1.5789473684210527,-47.36842105263158
resource_cost,Resource cost,30,10.0,100.0,100.0,25.0,30.0,40.0,0.25,1.5,1.5,-50.0
resource_cost,Resource cost,32,10.0,100.0,100.0,23.80952380952381,32.0,42.0,0.23809523809523808,1.4285714285714286,1.4285714285714286,-52.38095238095237
resource_cost,Resource cost,34,10.0,100.0,100.0,22.727272727272727,34.0,44.0,0.22727272727272727,1.3636363636363635,1.3636363636363635,-54.54545454545454
resource_cost,Resource cost,36,10.0,100.0,100.0,21.739130434782613,36.0,45.99999999999999,0.2173913043478261,1.3043478260869568,1.3043478260869568,-56.52173913043477
resource_cost,Resource cost,38,10.0,100.0,100.0,20.833333333333332,38.0,48.0,0.20833333333333334,1.25,1.25,-58.33333333333333
resource_cost,Resource cost,40,10.0,100.0,100.0,20.0,40.0,50.0,0.2,1.2,1.2,-60.00000000000001
target_max_hp,Target max HP,250,1000.0,100.0,100.0,41.666666666666664,3.0,6.0,0.5,10.0,10.0,233.33333333333334
target_max_hp,Target max HP,300,1000.0,100.0,100.0,50.0,3.0,6.0,0.5,10.0,10.0,233.33333333333334
target_max_hp,Target max HP,350,1000.0,100.0,100.0,43.75,4.0,8.0,0.5,7.5,7.5,150.0
target_max_hp,Target max HP,400,1000.0,100.0,100.0,50.0,4.0,8.0,0.5,7.5,7.5,150.0
target_max_hp,Target max HP,450,1000.0,100.0,100.0,45.0,5.0,10.0,0.5,6.0,6.0,100.0
target_max_hp,Target max HP,500,1000.0,100.0,100.0,50.0,5.0,10.0,0.5,6.0,6.0,100.0
target_max_hp,Target max HP,550,1000.0,100.0,100.0,45.833333333333336,6.0,12.0,0.5,5.0,5.0,66.66666666666667
target_max_hp,Target max HP,600,1000.0,100.0,100.0,50.0,6.0,12.0,0.5,5.0,5.0,66.66666666666667
target_max_hp,Target max HP,650,1000.0,100.0,100.0,46.42857142857143,7.0,14.0,0.5,4.285714285714286,4.285714285714286,42.85714285714286
target_max_hp,Target max HP,700,1000.0,100.0,100.0,50.0,7.0,14.0,0.5,4.285714285714286,4.285714285714286,42.85714285714286
target_max_hp,Target max HP,750,1000.0,100.0,100.0,46.875,8.0,16.0,0.5,3.75,3.75,25.0
target_max_hp,Target max HP,800,1000.0,100.0,100.0,50.0,8.0,16.0,0.5,3.75,3.75,25.0
target_max_hp,Target max HP,850,1000.0,100.0,100.0,47.22222222222222,9.0,18.0,0.5,3.3333333333333335,3.3333333333333335,11.111111111111116
target_max_hp,Target max HP,900,1000.0,100.0,100.0,50.0,9.0,18.0,0.5,3.3333333333333335,3.3333333333333335,11.111111111111116
target_max_hp,Target max HP,950,1000.0,100.0,100.0,47.5,10.0,20.0,0.5,3.0,3.0,0.0
target_max_hp,Target max HP,1000,1000.0,100.0,100.0,50.0,10.0,20.0,0.5,3.0,3.0,0.0
target_max_hp,Target max HP,1050,1000.0,100.0,100.0,47.72727272727273,12.0,22.0,0.5,2.727272727272727,2.727272727272727,-9.090909090909093
target_max_hp,Target max HP,1100,1000.0,100.0,100.0,50.0,12.0,22.0,0.5,2.727272727272727,2.727272727272727,-9.090909090909093
target_max_hp,Target max HP,1150,1000.0,100.0,100.0,47.916666666666664,14.0,24.0,0.5,2.5,2.5,-16.666666666666664
target_max_hp,Target max HP,1200,1000.0,100.0,100.0,50.0,14.0,24.0,0.5,2.5,2.5,-16.666666666666664
target_max_hp,Target max HP,1250,1000.0,100.0,100.0,48.07692307692308,16.0,26.0,0.5,2.3076923076923075,2.3076923076923075,-23.076923076923084
target_max_hp,Target max HP,1300,1000.0,100.0,100.0,50.0,16.0,26.0,0.5,2.3076923076923075,2.3076923076923075,-23.076923076923084
target_max_hp,Target max HP,1350,1000.0,100.0,100.0,48.214285714285715,18.0,28.0,0.5,2.142857142857143,2.142857142857143,-28.57142857142857
target_max_hp,Target max HP,1400,1000.0,100.0,100.0,50.0,18.0,28.0,0.5,2.142857142857143,2.142857142857143,-28.57142857142857
target_max_hp,Target max HP,1450,1000.0,100.0,100.0,48.333333333333336,20.0,30.0,0.5,2.0,2.0,-33.333333333333336
target_max_hp,Target max HP,1500,1000.0,100.0,100.0,50.0,20.0,30.0,0.5,2.0,2.0,-33.333333333333336
target_max_hp,Target max HP,1550,1000.0,100.0,100.0,48.4375,22.0,32.0,0.5,1.875,1.875,-37.5
target_max_hp,Target max HP,1600,1000.0,100.0,100.0,50.0,22.0,32.0,0.5,1.875,1.875,-37.5
target_max_hp,Target max HP,1650,1000.0,100.0,100.0,48.529411764705884,24.0,34.0,0.5,1.7647058823529411,1.7647058823529411,-41.17647058823529
target_max_hp,Target max HP,1700,1000.0,100.0,100.0,50.0,24.0,34.0,0.5,1.7647058823529411,1.7647058823529411,-41.17647058823529
target_max_hp,Target max HP,1750,1000.0,100.0,100.0,48.611111111111114,26.0,36.0,0.5,1.6666666666666667,1.6666666666666667,-44.44444444444444
target_max_hp,Target max HP,1800,1000.0,100.0,100.0,50.0,26.0,36.0,0.5,1.6666666666666667,1.6666666666666667,-44.44444444444444
target_max_hp,Target max HP,1850,1000.0,100.0,100.0,48.68421052631579,28.0,38.0,0.5,1.5789473684210527,1.5789473684210527,-47.36842105263158
target_max_hp,Target max HP,1900,1000.0,100.0,100.0,50.0,28.0,38.0,0.5,1.5789473684210527,1.5789473684210527,-47.36842105263158
target_max_hp,Target max HP,1950,1000.0,100.0,100.0,48.75,30.0,40.0,0.5,1.5,1.5,-50.0
target_max_hp,Target max HP,2000,1000.0,100.0,100.0,50.0,30.0,40.0,0.5,1.5,1.5,-50.0
target_max_hp,Target max HP,2050,1000.0,100.0,100.0,48.80952380952381,32.0,42.0,0.5,1.4285714285714286,1.4285714285714286,-52.38095238095237
target_max_hp,Target max HP,2100,1000.0,100.0,100.0,50.0,32.0,42.0,0.5,1.4285714285714286,1.4285714285714286,-52.38095238095237
target_max_hp,Target max HP,2150,1000.0,100.0,100.0,48.86363636363637,34.0,44.0,0.5,1.3636363636363635,1.3636363636363635,-54.54545454545454
target_max_hp,Target max HP,2200,1000.0,100.0,100.0,50.0,34.0,44.0,0.5,1.3636363636363635,1.3636363636363635,-54.54545454545454
target_max_hp,Target max HP,2250,1000.0,100.0,100.0,48.91304347826087,36.0,46.0,0.5,1.3043478260869565,1.3043478260869565,-56.52173913043479
target_max_hp,Target max HP,2300,1000.0,100.0,100.0,50.0,36.0,46.0,0.5,1.3043478260869565,1.3043478260869565,-56.52173913043479
target_max_hp,Target max HP,2350,1000.0,100.0,100.0,48.958333333333336,38.0,48.0,0.5,1.25,1.25,-58.33333333333333
target_max_hp,Target max HP,2400,1000.0,100.0,100.0,50.0,38.0,48.0,0.5,1.25,1.25,-58.33333333333333
target_max_hp,Target max HP,2450,1000.0,100.0,100.0,49.0,40.0,50.0,0.5,1.2,1.2,-60.00000000000001
target_max_hp,Target max HP,2500,1000.0,100.0,100.0,50.0,40.0,50.0,0.5,1.2,1.2,-60.00000000000001
target_max_hp,Target max HP,2550,1000.0,100.0,100.0,49.03846153846154,42.0,52.0,0.5,1.1538461538461537,1.1538461538461537,-61.53846153846154
target_max_hp,Target max HP,2600,1000.0,100.0,100.0,50.0,42.0,52.0,0.5,1.1538461538461537,1.1538461538461537,-61.53846153846154
target_max_hp,Target max HP,2650,1000.0,100.0,100.0,49.074074074074076,44.0,54.0,0.5,1.1111111111111112,1.1111111111111112,-62.962962962962955
target_max_hp,Target max HP,2700,1000.0,100.0,100.0,50.0,44.0,54.0,0.5,1.1111111111111112,1.1111111111111112,-62.962962962962955
target_max_hp,Target max HP,2750,1000.0,100.0,100.0,49.107142857142854,46.0,56.0,0.5,1.0714285714285714,1.0714285714285714,-64.28571428571428
target_max_hp,Target max HP,2800,1000.0,100.0,100.0,50.0,46.0,56.0,0.5,1.0714285714285714,1.0714285714285714,-64.28571428571428
target_max_hp,Target max HP,2850,1000.0,100.0,100.0,49.13793103448276,48.0,58.0,0.5,1.0344827586206897,1.0344827586206897,-65.51724137931035
target_max_hp,Target max HP,2900,1000.0,100.0,100.0,50.0,48.0,58.0,0.5,1.0344827586206897,1.0344827586206897,-65.51724137931035
target_max_hp,Target max HP,2950,1000.0,100.0,100.0,49.166666666666664,50.0,60.0,0.5,1.0,1.0,-66.66666666666667
target_max_hp,Target max HP,3000,1000.0,100.0,100.0,50.0,50.0,60.0,0.5,1.0,1.0,-66.66666666666667
ground_density,Ground density (reference),0.25,1.0,100.0,100.0,50.0,10.0,20.0,0.5,3.0,3.0,0.0
ground_density,Ground density (reference),0.5,1.0,100.0,100.0,50.0,10.0,20.0,0.5,3.0,3.0,0.0
ground_density,Ground density (reference),0.75,1.0,100.0,100.0,50.0,10.0,20.0,0.5,3.0,3.0,0.0
ground_density,Ground density (reference),1.0,1.0,100.0,100.0,50.0,10.0,20.0,0.5,3.0,3.0,0.0
ground_density,Ground density (reference),1.25,1.0,100.0,100.0,50.0,10.0,20.0,0.5,3.0,3.0,0.0
ground_density,Ground density (reference),1.5,1.0,100.0,100.0,50.0,10.0,20.0,0.5,3.0,3.0,0.0
ground_density,Ground density (reference),1.75,1.0,100.0,100.0,50.0,10.0,20.0,0.5,3.0,3.0,0.0
ground_density,Ground density (reference),2.0,1.0,100.0,100.0,50.0,10.0,20.0,0.5,3.0,3.0,0.0
ground_density,Ground density (reference),2.25,1.0,100.0,100.0,50.0,10.0,20.0,0.5,3.0,3.0,0.0
ground_density,Ground density (reference),2.5,1.0,100.0,100.0,50.0,10.0,20.0,0.5,3.0,3.0,0.0
ground_density,Ground density (reference),2.75,1.0,100.0,100.0,50.0,10.0,20.0,0.5,3.0,3.0,0.0
ground_density,Ground density (reference),3.0,1.0,100.0,100.0,50.0,10.0,20.0,0.5,3.0,3.0,0.0
ground_density,Ground density (reference),3.25,1.0,100.0,100.0,50.0,10.0,20.0,0.5,3.0,3.0,0.0
ground_density,Ground density (reference),3.5,1.0,100.0,100.0,50.0,10.0,20.0,0.5,3.0,3.0,0.0
ground_density,Ground density (reference),3.75,1.0,100.0,100.0,50.0,10.0,20.0,0.5,3.0,3.0,0.0
ground_density,Ground density (reference),4.0,1.0,100.0,100.0,50.0,10.0,20.0,0.5,3.0,3.0,0.0
air_density,Air density (reference),0.0,0.35,100.0,100.0,50.0,10.0,20.0,0.5,3.0,3.0,0.0
air_density,Air density (reference),0.1,0.35,100.0,100.0,50.0,10.0,20.0,0.5,3.0,3.0,0.0
air_density,Air density (reference),0.2,0.35,100.0,100.0,50.0,10.0,20.0,0.5,3.0,3.0,0.0
air_density,Air density (reference),0.3,0.35,100.0,100.0,50.0,10.0,20.0,0.5,3.0,3.0,0.0
air_density,Air density (reference),0.4,0.35,100.0,100.0,50.0,10.0,20.0,0.5,3.0,3.0,0.0
air_density,Air density (reference),0.5,0.35,100.0,100.0,50.0,10.0,20.0,0.5,3.0,3.0,0.0
air_density,Air density (reference),0.6,0.35,100.0,100.0,50.0,10.0,20.0,0.5,3.0,3.0,0.0
air_density,Air density (reference),0.7,0.35,100.0,100.0,50.0,10.0,20.0,0.5,3.0,3.0,0.0
air_density,Air density (reference),0.8,0.35,100.0,100.0,50.0,10.0,20.0,0.5,3.0,3.0,0.0
air_density,Air density (reference),0.9,0.35,100.0,100.0,50.0,10.0,20.0,0.5,3.0,3.0,0.0
air_density,Air density (reference),1.0,0.35,100.0,100.0,50.0,10.0,20.0,0.5,3.0,3.0,0.0
air_density,Air density (reference),1.1,0.35,100.0,100.0,50.0,10.0,20.0,0.5,3.0,3.0,0.0
air_density,Air density (reference),1.2,0.35,100.0,100.0,50.0,10.0,20.0,0.5,3.0,3.0,0.0
air_density,Air density (reference),1.3,0.35,100.0,100.0,50.0,10.0,20.0,0.5,3.0,3.0,0.0
air_density,Air density (reference),1.4,0.35,100.0,100.0,50.0,10.0,20.0,0.5,3.0,3.0,0.0
air_density,Air density (reference),1.5,0.35,100.0,100.0,50.0,10.0,20.0,0.5,3.0,3.0,0.0
air_density,Air density (reference),1.6,0.35,100.0,100.0,50.0,10.0,20.0,0.5,3.0,3.0,0.0
air_density,Air density (reference),1.7,0.35,100.0,100.0,50.0,10.0,20.0,0.5,3.0,3.0,0.0
air_density,Air density (reference),1.8,0.35,100.0,100.0,50.0,10.0,20.0,0.5,3.0,3.0,0.0
air_density,Air density (reference),1.9,0.35,100.0,100.0,50.0,10.0,20.0,0.5,3.0,3.0,0.0
air_density,Air density (reference),2.0,0.35,100.0,100.0,50.0,10.0,20.0,0.5,3.0,3.0,0.0
aoe_range,AOE range,0.5,1.0,100.0,100.0,50.0,10.0,20.0,0.5,3.0,3.0,0.0
aoe_range,AOE range,0.6,1.0,100.0,100.0,50.0,10.0,20.0,0.5,3.0,3.0,0.0
aoe_range,AOE range,0.7,1.0,100.0,100.0,50.0,10.0,20.0,0.5,3.0,3.0,0.0
aoe_range,AOE range,0.8,1.0,100.0,100.0,50.0,10.0,20.0,0.5,3.0,3.0,0.0
aoe_range,AOE range,0.9,1.0,100.0,100.0,50.0,10.0,20.0,0.5,3.0,3.0,0.0
aoe_range,AOE range,1.0,1.0,100.0,100.0,50.0,10.0,20.0,0.5,3.0,3.0,0.0
aoe_range,AOE range,1.1,1.0,100.0,100.0,50.0,10.0,20.0,0.5,3.0,3.0,0.0
aoe_range,AOE range,1.2,1.0,100.0,100.0,50.0,10.0,20.0,0.5,3.0,3.0,0.0
aoe_range,AOE range,1.3,1.0,100.0,100.0,50.0,10.0,20.0,0.5,3.0,3.0,0.0
aoe_range,AOE range,1.4,1.0,100.0,100.0,50.0,10.0,20.0,0.5,3.0,3.0,0.0
aoe_range,AOE range,1.5,1.0,100.0,100.0,50.0,10.0,20.0,0.5,3.0,3.0,0.0
aoe_range,AOE range,1.6,1.0,100.0,100.0,50.0,10.0,20.0,0.5,3.0,3.0,0.0
aoe_range,AOE range,1.7,1.0,100.0,100.0,50.0,10.0,20.0,0.5,3.0,3.0,0.0
aoe_range,AOE range,1.8,1.0,100.0,100.0,50.0,10.0,20.0,0.5,3.0,3.0,0.0
aoe_range,AOE range,1.9,1.0,100.0,100.0,50.0,10.0,20.0,0.5,3.0,3.0,0.0
aoe_range,AOE range,2.0,1.0,100.0,100.0,50.0,10.0,20.0,0.5,3.0,3.0,0.0
aoe_range,AOE range,2.1,1.0,100.0,100.0,50.0,10.0,20.0,0.5,3.0,3.0,0.0
aoe_range,AOE range,2.2,1.0,100.0,100.0,50.0,10.0,20.0,0.5,3.0,3.0,0.0
aoe_range,AOE range,2.3,1.0,100.0,100.0,50.0,10.0,20.0,0.5,3.0,3.0,0.0
aoe_range,AOE range,2.4,1.0,100.0,100.0,50.0,10.0,20.0,0.5,3.0,3.0,0.0
aoe_range,AOE range,2.5,1.0,100.0,100.0,50.0,10.0,20.0,0.5,3.0,3.0,0.0
aoe_range,AOE range,2.6,1.0,100.0,100.0,50.0,10.0,20.0,0.5,3.0,3.0,0.0
aoe_range,AOE range,2.7,1.0,100.0,100.0,50.0,10.0,20.0,0.5,3.0,3.0,0.0
aoe_range,AOE range,2.8,1.0,100.0,100.0,50.0,10.0,20.0,0.5,3.0,3.0,0.0
aoe_range,AOE range,2.9,1.0,100.0,100.0,50.0,10.0,20.0,0.5,3.0,3.0,0.0
aoe_range,AOE range,3.0,1.0,100.0,100.0,50.0,10.0,20.0,0.5,3.0,3.0,0.0
reward_per_kill,Reward per kill,0,1.0,100.0,100.0,50.0,10.0,20.0,0.5,3.0,0.0,-100.0
reward_per_kill,Reward per kill,0.5,1.0,100.0,100.0,50.0,10.0,20.0,0.5,3.0,1.5,-50.0
reward_per_kill,Reward per kill,1.0,1.0,100.0,100.0,50.0,10.0,20.0,0.5,3.0,3.0,0.0
reward_per_kill,Reward per kill,1.5,1.0,100.0,100.0,50.0,10.0,20.0,0.5,3.0,4.5,50.0
reward_per_kill,Reward per kill,2.0,1.0,100.0,100.0,50.0,10.0,20.0,0.5,3.0,6.0,100.0
reward_per_kill,Reward per kill,2.5,1.0,100.0,100.0,50.0,10.0,20.0,0.5,3.0,7.5,150.0
reward_per_kill,Reward per kill,3.0,1.0,100.0,100.0,50.0,10.0,20.0,0.5,3.0,9.0,200.0
reward_per_kill,Reward per kill,3.5,1.0,100.0,100.0,50.0,10.0,20.0,0.5,3.0,10.5,250.0
reward_per_kill,Reward per kill,4.0,1.0,100.0,100.0,50.0,10.0,20.0,0.5,3.0,12.0,300.0
reward_per_kill,Reward per kill,4.5,1.0,100.0,100.0,50.0,10.0,20.0,0.5,3.0,13.5,350.0
reward_per_kill,Reward per kill,5.0,1.0,100.0,100.0,50.0,10.0,20.0,0.5,3.0,15.0,400.0
reward_per_kill,Reward per kill,5.5,1.0,100.0,100.0,50.0,10.0,20.0,0.5,3.0,16.5,450.0
reward_per_kill,Reward per kill,6.0,1.0,100.0,100.0,50.0,10.0,20.0,0.5,3.0,18.0,500.0
reward_per_kill,Reward per kill,6.5,1.0,100.0,100.0,50.0,10.0,20.0,0.5,3.0,19.5,550.0
reward_per_kill,Reward per kill,7.0,1.0,100.0,100.0,50.0,10.0,20.0,0.5,3.0,21.0,600.0
reward_per_kill,Reward per kill,7.5,1.0,100.0,100.0,50.0,10.0,20.0,0.5,3.0,22.5,650.0
reward_per_kill,Reward per kill,8.0,1.0,100.0,100.0,50.0,10.0,20.0,0.5,3.0,24.0,700.0
reward_per_kill,Reward per kill,8.5,1.0,100.0,100.0,50.0,10.0,20.0,0.5,3.0,25.5,750.0
reward_per_kill,Reward per kill,9.0,1.0,100.0,100.0,50.0,10.0,20.0,0.5,3.0,27.0,800.0
reward_per_kill,Reward per kill,9.5,1.0,100.0,100.0,50.0,10.0,20.0,0.5,3.0,28.5,850.0
reward_per_kill,Reward per kill,10.0,1.0,100.0,100.0,50.0,10.0,20.0,0.5,3.0,30.0,900.0
