round,target_max_hp,target_armor,target_magic_resistance,target_shield,path_count,state_count,dps_p50,dps_p70,dps_p90,dps_max,ttk_at_dps_p70,top_30_ttk_p50,top_30_ttk_min,top_30_ttk_max
0,32.8984615385,500.0,500.0,0.0,1,1,59.815384615384616,59.815384615384616,59.815384615384616,59.815384615384616,0.550000000000643,0.550000000000643,0.550000000000643,0.550000000000643
1,32.8984615385,500.0,500.0,0.0,10,10,64.80000000000001,65.7969230769231,67.79076923076923,67.79076923076923,0.5000000000005844,0.4852941176476262,0.4852941176476262,0.5000000000005844
2,32.8984615385,500.0,500.0,0.0,100,55,70.2,72.0276923076923,74.56984615384616,76.82953846153846,0.4567474048448247,0.44796380090550103,0.4282006920420231,0.4567474048448247
3,32.8984615385,500.0,500.0,0.0,1000,220,76.17446808510637,78.86297872340427,82.08,85.86830769230768,0.4171597633140971,0.4072398190050009,0.3831269349849681,0.4171597633140972
4,32.8984615385,500.0,500.0,0.0,10000,715,82.5223404255319,85.68,90.16799999999999,97.19999999999999,0.3839689722047152,0.3705582911902124,0.3384615384619342,0.38396897220471526
5,32.8984615385,500.0,500.0,0.0,100000,2002,89.35854381250441,93.33003464861575,98.532,115.19999999999999,0.35249597476698186,0.3397681330160067,0.28557692307725696,0.35249597476698197
6,107.56512,200.0,200.0,0.0,1000000,5005,205.92000000000002,215.13024000000007,226.07130000000006,257.33376,0.4999999999999998,0.4828571428571429,0.4179984779299848,0.49999999999999994
7,107.56512,200.0,200.0,0.0,10000000,11440,224.41365930966526,234.49263157894734,248.14608,287.60831999999994,0.45871428571428574,0.44057486631016046,0.3739986381478812,0.45871428571428574
8,107.56512,200.0,200.0,0.0,100000000,24310,244.52221538303985,256.18528157729685,272.1928695652174,321.09695999999997,0.4198723647890177,0.40181818181818174,0.33499264521221256,0.4198723647890178
9,107.56512,200.0,200.0,0.0,1000000000,48620,265.95482381471163,279.708,298.79200000000003,363.19418181818185,0.3845621862799776,0.3669526586144662,0.2961642156862745,0.3845621862799777
10,107.56512,200.0,200.0,0.0,10000000000,92378,289.80349251097266,305.90234340480004,328.0131794544101,405.9229090909091,0.35163221962526536,0.3347809523809524,0.26498903508771926,0.35163221962526536
11,107.56512,200.0,200.0,0.0,100000000000,167960,315.58799999999985,334.10237866905595,359.71650000000005,457.9985454545455,0.3219525716293935,0.30555439983357596,0.23485908649173953,0.3219525716293935
12,369.9741298183,50.0,50.0,0.0,1000000000000,293930,690.4707502565207,739.9482596362891,812.6783683110148,1088.64,0.50000000000021,0.46898518066233225,0.339849840000643,0.50000000000021
